,CAI,GC %,Sequence,seq ID
0,0.6623941676337594,48.484848484848484,ATGAAAAGTAACACTTACCCTTACACTCATTCGATCACGGAACCAGCATGCAAAGCGGGGGAGAGC,seq0
1,0.7221016114111898,45.45454545454545,ATGAAATCTAATACTTATCCGTATACGCATTCTATCACGGAGCCGGCCTGTAAAGCCGGGGAATCA,seq1
2,0.7639592941828531,45.45454545454545,ATGAAATCCAACACCTATCCATATACGCATTCGATTACCGAACCGGCTTGTAAAGCAGGTGAGTCC,seq2
3,0.6921368097576697,51.515151515151516,ATGAAAAGCAACACGTACCCGTATACTCACTCCATCACTGAGCCAGCCTGTAAAGCCGGTGAGTCC,seq3
4,0.730659800370331,45.45454545454545,ATGAAATCGAACACCTATCCTTATACGCATAGTATCACTGAGCCTGCGTGTAAAGCAGGCGAAAGC,seq4
5,0.739464374472131,42.42424242424242,ATGAAATCAAACACCTACCCATATACTCATTCTATTACTGAGCCGGCGTGTAAAGCGGGTGAAAGT,seq5
6,0.6414216568819532,39.39393939393939,ATGAAATCTAACACTTATCCTTACACGCACTCTATTACTGAACCAGCTTGTAAAGCAGGGGAATCT,seq6
7,0.728770086243989,45.45454545454545,ATGAAATCCAATACCTACCCATATACCCACAGCATCACGGAACCTGCTTGTAAAGCTGGTGAATCC,seq7
8,0.7762309968578366,40.90909090909091,ATGAAAAGTAATACCTATCCGTATACTCATTCCATTACCGAACCTGCATGCAAAGCAGGCGAATCA,seq8
9,0.7457621213769364,46.96969696969697,ATGAAAAGCAATACTTACCCGTACACTCATTCAATCACTGAACCGGCCTGCAAAGCTGGCGAATCG,seq9
10,0.7672985657376571,48.484848484848484,ATGAAATCGAATACGTACCCGTATACCCATAGCATTACGGAACCAGCGTGTAAAGCGGGGGAGAGT,seq10
11,0.7459482320240616,42.42424242424242,ATGAAATCAAATACGTATCCTTATACGCACTCTATCACGGAACCGGCGTGTAAAGCAGGTGAAAGT,seq11
12,0.7065841696694928,48.484848484848484,ATGAAATCCAACACTTACCCATATACGCACAGCATCACCGAACCAGCTTGCAAAGCCGGGGAAAGT,seq12
13,0.6609959956478831,46.96969696969697,ATGAAAAGTAACACGTACCCATACACTCATAGCATCACGGAGCCAGCTTGTAAAGCTGGGGAAAGC,seq13
14,0.7214213757614938,48.484848484848484,ATGAAATCTAATACGTACCCATATACTCACTCAATCACCGAACCGGCGTGCAAAGCTGGCGAGTCG,seq14
15,0.7181404000292204,48.484848484848484,ATGAAATCAAATACCTACCCGTATACGCATTCAATCACGGAGCCTGCGTGCAAAGCGGGTGAGTCA,seq15
16,0.7667968466712581,43.93939393939394,ATGAAAAGCAACACTTATCCATACACGCATAGTATTACGGAACCTGCGTGTAAAGCCGGTGAAAGC,seq16
17,0.7152490098827611,54.54545454545455,ATGAAATCGAACACGTACCCTTATACGCATAGCATCACCGAGCCGGCATGCAAAGCCGGGGAGTCC,seq17
18,0.7116617660543909,53.03030303030303,ATGAAATCTAACACGTATCCGTACACTCACTCGATCACTGAGCCGGCCTGCAAAGCAGGCGAGTCG,seq18
19,0.7322678766247712,46.96969696969697,ATGAAATCCAATACGTACCCTTACACCCACTCAATTACGGAACCGGCTTGCAAAGCCGGTGAATCA,seq19
20,0.6784357810138001,46.96969696969697,ATGAAAAGTAATACTTATCCATACACCCACAGCATTACCGAGCCGGCTTGCAAAGCTGGGGAGTCA,seq20
21,0.6216411978067967,43.93939393939394,ATGAAATCGAATACTTACCCATATACTCACTCGATTACTGAGCCAGCGTGCAAAGCTGGGGAATCA,seq21
22,0.7082797562981548,46.96969696969697,ATGAAATCAAACACGTACCCATATACCCATTCGATCACTGAACCAGCCTGTAAAGCGGGTGAGTCC,seq22
23,0.7294967115454309,40.90909090909091,ATGAAAAGCAATACCTATCCTTACACCCATTCTATCACTGAACCTGCATGTAAAGCTGGCGAAAGT,seq23
24,0.8231719322684307,48.484848484848484,ATGAAAAGTAACACCTATCCGTATACCCATAGTATCACCGAGCCTGCCTGTAAAGCCGGCGAAAGC,seq24
25,0.6983384904186325,48.484848484848484,ATGAAATCTAATACCTACCCTTATACCCACTCCATTACGGAACCTGCCTGCAAAGCTGGGGAGAGC,seq25
26,0.6852417136219117,50.0,ATGAAATCCAACACGTATCCATACACCCATTCAATCACCGAGCCAGCGTGTAAAGCCGGGGAGTCT,seq26
27,0.7382061415587975,51.515151515151516,ATGAAATCGAACACTTACCCGTACACCCATTCGATTACGGAGCCGGCATGTAAAGCCGGTGAGTCG,seq27
28,0.7569727827294891,45.45454545454545,ATGAAAAGCAACACCTACCCTTATACTCATAGCATTACTGAACCGGCTTGTAAAGCTGGCGAGAGC,seq28
29,0.7657051242212197,48.484848484848484,ATGAAATCAAACACTTATCCGTACACCCATTCCATCACTGAACCGGCGTGTAAAGCCGGCGAGAGT,seq29
30,0.7235064777912289,50.0,ATGAAATCTAACACCTACCCGTACACCCACTCGATTACCGAGCCTGCTTGTAAAGCAGGCGAGTCT,seq30
31,0.6532093268107224,43.93939393939394,ATGAAATCCAATACTTATCCTTACACTCACTCCATTACTGAACCTGCCTGTAAAGCGGGCGAGAGT,seq31
32,0.6854366917350663,48.484848484848484,ATGAAAAGTAATACGTACCCGTACACGCACAGTATTACGGAGCCTGCATGCAAAGCCGGTGAGAGT,seq32
33,0.6344484749811301,43.93939393939394,ATGAAATCAAATACTTACCCTTACACGCACAGCATTACTGAGCCTGCTTGCAAAGCTGGTGAATCG,seq33
34,0.7244148557300506,48.484848484848484,ATGAAAAGCAATACGTATCCGTACACGCACTCAATCACTGAGCCAGCATGCAAAGCCGGCGAATCT,seq34
35,0.6918724798630068,48.484848484848484,ATGAAATCGAATACCTATCCATACACGCACTCCATTACCGAGCCAGCCTGCAAAGCTGGTGAGTCT,seq35
36,0.7013411764023071,46.96969696969697,ATGAAATCTAATACTTACCCGTATACGCACTCCATCACGGAACCTGCGTGCAAAGCAGGTGAGTCA,seq36
37,0.7186636679352535,48.484848484848484,ATGAAAAGTAACACGTATCCTTACACGCATTCCATTACGGAGCCAGCGTGCAAAGCAGGCGAATCC,seq37
38,0.6657303768449876,46.96969696969697,ATGAAATCCAACACCTACCCTTACACTCACTCAATTACTGAGCCAGCTTGCAAAGCGGGTGAATCC,seq38
39,0.7484761293607332,46.96969696969697,ATGAAATCAAATACCTATCCGTACACGCATTCAATTACGGAGCCTGCCTGCAAAGCGGGCGAATCA,seq39
40,0.6840027722277878,48.484848484848484,ATGAAAAGCAACACCTATCCATACACTCACAGTATCACCGAACCTGCTTGCAAAGCAGGGGAGTCG,seq40
41,0.7465206955456073,45.45454545454545,ATGAAATCGAACACGTATCCTTATACCCATTCTATTACCGAACCAGCCTGCAAAGCAGGGGAATCC,seq41
42,0.7365414473118469,50.0,ATGAAATCTAACACTTACCCATACACCCACAGTATTACCGAACCTGCCTGCAAAGCCGGCGAGAGC,seq42
43,0.6272431227562675,37.878787878787875,ATGAAATCCAATACGTATCCATATACTCATTCAATTACTGAACCAGCATGTAAAGCTGGGGAGTCT,seq43
44,0.7514427427391308,54.54545454545455,ATGAAAAGTAATACCTACCCATACACGCACTCGATCACCGAGCCGGCGTGCAAAGCGGGCGAGTCT,seq44
45,0.7894786558437922,42.42424242424242,ATGAAAAGCAATACTTATCCATATACCCACTCTATCACCGAACCGGCATGCAAAGCAGGTGAATCT,seq45
46,0.7357183585951351,43.93939393939394,ATGAAATCAAACACTTACCCTTATACCCATAGTATTACCGAGCCTGCATGTAAAGCGGGCGAAAGC,seq46
47,0.8181539273887001,46.96969696969697,ATGAAATCGAATACGTATCCGTATACCCACAGTATCACGGAACCGGCATGTAAAGCGGGTGAATCG,seq47
48,0.6072583349970592,43.93939393939394,ATGAAATCTAATACGTATCCTTACACTCATTCCATCACGGAGCCAGCATGTAAAGCAGGGGAGTCA,seq48
49,0.7060926772938767,46.96969696969697,ATGAAATCCAACACTTATCCTTATACTCACTCTATTACCGAGCCGGCCTGTAAAGCGGGGGAATCG,seq49
